{
  "pools": [
    {
      "rolls": 2,
      "entries": [
        {
          "type": "minecraft:group",
          "children": [
            {
              "type": "minecraft:item",
              "name": "minecraft:copper_pickaxe",
              "functions": [
                {
                  "function": "minecraft:set_damage",
                  "damage": {
                    "type": "minecraft:uniform",
                    "min": 0.33,
                    "max": 0.66
                  }
                }
              ]
            },
            {
              "type": "minecraft:item",
              "name": "minecraft:copper_shovel",
              "functions": [
                {
                  "function": "minecraft:set_damage",
                  "damage": {
                    "type": "minecraft:uniform",
                    "min": 0.33,
                    "max": 0.66
                  }
                }
              ]
            }
          ]
        }
      ]
    },
    {
      "rolls": 8,
      "entries": [
        {
          "type": "minecraft:sequence",
          "children": [
            {
              "type": "minecraft:item",
              "name": "minecraft:raw_copper",
              "weight": 7,
              "functions": [
                {
                  "function": "minecraft:set_count",
                  "count": {
                    "min": 3,
                    "max": 5
                  }
                }
              ]
            },
            {
              "type": "minecraft:item",
              "name": "minecraft:copper_ingot",
              "weight": 6,
              "functions": [
                {
                  "function": "minecraft:set_count",
                  "count": {
                    "type": "minecraft:uniform",
                    "min": 1,
                    "max": 2
                  }
                }
              ]
            },
            {
              "type": "minecraft:item",
              "name": "minecraft:coal",
              "weight": 5,
              "functions": [
                {
                  "function": "minecraft:set_count",
                  "count": {
                    "min": 1,
                    "max": 2
                  }
                }
              ]
            },
            {
              "type": "minecraft:item",
              "name": "minecraft:stick",
              "weight": 5,
              "functions": [
                {
                  "function": "minecraft:set_count",
                  "count": {
                    "type": "minecraft:uniform",
                    "min": 1,
                    "max": 2
                  }
                }
              ]
            },
            {
              "type": "minecraft:item",
              "name": "minecraft:torch",
              "weight": 5,
              "functions": [
                {
                  "function": "minecraft:set_count",
                  "count": {
                    "type": "minecraft:uniform",
                    "min": 1,
                    "max": 2
                  }
                }
              ]
            },
            {
              "type": "minecraft:item",
              "name": "minecraft:bread",
              "weight": 3
            },
            {
              "type": "minecraft:item",
              "name": "minecraft:apple",
              "weight": 3
            }
          ]
        }
      ]
    }
  ],
  "functions": [
    {
      "function": "minecraft:reference",
      "name": "nova_structures:loot_modifier"
    }
  ]
}