{
  "type": "minecraft:chest",
  "pools": [
    {
      "rolls": 1,
      "entries": [
        {
          "type": "minecraft:loot_table",
          "value": "minecraft:chests/stronghold_corridor",
          "functions": [
            {
              "function": "minecraft:filtered",
              "item_filter": {
                "items": "#nova_structures:bunker_altar_filter"
              },
              "modifier": {
                "function": "minecraft:set_count",
                "count": 0
              }
            }
          ]
        }
      ]
    },
    {
      "rolls": {
        "type": "uniform",
        "max": 2,
        "min": 1
      },
      "entries": [
        {
          "type": "minecraft:item",
          "name": "minecraft:iron_pickaxe"
        },
        {
          "type": "minecraft:item",
          "name": "minecraft:iron_sword"
        },
        {
          "type": "minecraft:item",
          "name": "minecraft:chainmail_chestplate",
          "weight": 3
        },
        {
          "type": "minecraft:item",
          "name": "minecraft:chainmail_helmet",
          "weight": 3
        },
        {
          "type": "minecraft:item",
          "name": "minecraft:chainmail_leggings",
          "weight": 3
        },
        {
          "type": "minecraft:item",
          "name": "minecraft:chainmail_boots",
          "weight": 3
        },
		{
          "type": "minecraft:item",
          "name": "minecraft:copper_pickaxe",
          "weight": 3
        },
        {
          "type": "minecraft:item",
          "name": "minecraft:copper_sword",
          "weight": 3
        },
        {
          "type": "minecraft:item",
          "name": "minecraft:copper_chestplate",
          "weight": 5
        },
        {
          "type": "minecraft:item",
          "name": "minecraft:copper_helmet",
          "weight": 5
        },
        {
          "type": "minecraft:item",
          "name": "minecraft:copper_leggings",
          "weight": 5
        },
        {
          "type": "minecraft:item",
          "name": "minecraft:copper_boots",
          "weight": 5
        },
        {
          "type": "minecraft:item",
          "name": "minecraft:emerald",
          "weight": 25
        }
      ]
    }
  ],
  "functions": [
    {
      "function": "minecraft:reference",
      "name": "nova_structures:loot_modifier"
    }
  ]
}