{
    "name": "kattersstructures:armory/corridor_c",
    "fallback": "kattersstructures:armory_empty",
    "elements": [
    {
        "weight": 3,
        "element": {
            "location": "kattersstructures:armory/corridor/armory_corridor_crossing",
            "processors": "minecraft:empty",
            "projection": "rigid",
            "element_type": "minecraft:single_pool_element"
        }
    },{
        "weight": 3,
        "element": {
            "location": "kattersstructures:armory/corridor/armory_corridor_01",
            "processors": "minecraft:empty",
            "projection": "rigid",
            "element_type": "minecraft:single_pool_element"
        }
    },{
        "weight": 3,
        "element": {
            "location": "kattersstructures:armory/corridor/armory_corridor_02",
            "processors": "minecraft:empty",
            "projection": "rigid",
            "element_type": "minecraft:single_pool_element"
        }
    },{
        "weight": 3,
        "element": {
            "location": "kattersstructures:armory/corridor/armory_corridor_04",
            "processors": "minecraft:empty",
            "projection": "rigid",
            "element_type": "minecraft:single_pool_element"
        }
    },{
        "weight": 1,
        "element": {
            "location": "kattersstructures:armory/corridor/armory_corridor_corner_02",
            "processors": "minecraft:empty",
            "projection": "rigid",
            "element_type": "minecraft:single_pool_element"
        }
    }
]
}