{
    "name": "kattersstructures:armory/stairs",
    "fallback": "minecraft:empty",
    "elements": [{
        "weight": 2,
        "element": {
            "location": "kattersstructures:armory/stairs/armory_stairs",
            "processors": "minecraft:empty",
            "projection": "rigid",
            "element_type": "minecraft:single_pool_element"
        }
    },{
        "weight": 1,
        "element": {
            "location": "kattersstructures:armory/stairs/armory_down_exit",
            "processors": "minecraft:empty",
            "projection": "rigid",
            "element_type": "minecraft:single_pool_element"
        }
    }
]
}