{
	"type": "minecraft:generic",
	"pools": [
		{
			"rolls": 20,
			"entries": [
				{
					"type": "minecraft:item",
					"name": "minecraft:orange_tulip"
				},
				{
					"type": "minecraft:item",
					"name": "minecraft:pink_tulip"
				},
				{
					"type": "minecraft:item",
					"name": "minecraft:red_tulip"
				},
				{
					"type": "minecraft:item",
					"name": "minecraft:white_tulip"
				},
				{
					"type": "minecraft:item",
					"name": "minecraft:poppy"
				},
				{
					"type": "minecraft:item",
					"name": "minecraft:oxeye_daisy"
				},
				{
					"type": "minecraft:item",
					"name": "minecraft:dandelion"
				},
				{
					"type": "minecraft:item",
					"name": "minecraft:allium"
				},
				{
					"type": "minecraft:item",
					"name": "minecraft:azure_bluet"
				},
				{
					"type": "minecraft:item",
					"name": "minecraft:blue_orchid"
				},
				{
					"type": "minecraft:item",
					"name": "minecraft:cornflower"
				},
				{
					"type": "minecraft:item",
					"name": "minecraft:closed_eyeblossom"
				},
				{
					"type": "minecraft:item",
					"name": "minecraft:open_eyeblossom"
				},
				{
					"type": "minecraft:item",
					"name": "minecraft:lily_of_the_valley"
				},
				{
					"type": "minecraft:item",
					"name": "minecraft:torchflower"
				},
				{
					"type": "minecraft:item",
					"name": "minecraft:wither_rose"
				},
				{
					"type": "minecraft:item",
					"name": "minecraft:lilac"
				},
				{
					"type": "minecraft:item",
					"name": "minecraft:peony"
				},
				{
					"type": "minecraft:item",
					"name": "minecraft:pitcher_plant"
				},
				{
					"type": "minecraft:item",
					"name": "minecraft:rose_bush"
				},
				{
					"type": "minecraft:item",
					"name": "minecraft:sunflower"
				},
				{
					"type": "minecraft:item",
					"name": "minecraft:chorus_flower"
				},
				{
					"type": "minecraft:item",
					"name": "minecraft:flowering_azalea"
				},
				{
					"type": "minecraft:item",
					"name": "minecraft:pink_petals"
				},
				{
					"type": "minecraft:item",
					"name": "minecraft:spore_blossom"
				},
				{
					"type": "minecraft:item",
					"name": "minecraft:wildflowers"
				},
				{
					"type": "minecraft:item",
					"name": "minecraft:cactus_flower"
				},
				{
					"type": "minecraft:item",
					"name": "minecraft:firefly_bush"
				}
			]
		}
	]
}