{
	"type": "minecraft:generic",
	"pools": [
		{
			"rolls": 20,
			"entries": [
				{
					"type": "minecraft:item",
					"name": "minecraft:black_wool"
				},
				{
					"type": "minecraft:item",
					"name": "minecraft:blue_wool"
				},
				{
					"type": "minecraft:item",
					"name": "minecraft:brown_wool"
				},
				{
					"type": "minecraft:item",
					"name": "minecraft:cyan_wool"
				},
				{
					"type": "minecraft:item",
					"name": "minecraft:gray_wool"
				},
				{
					"type": "minecraft:item",
					"name": "minecraft:green_wool"
				},
				{
					"type": "minecraft:item",
					"name": "minecraft:light_blue_wool"
				},
				{
					"type": "minecraft:item",
					"name": "minecraft:light_gray_wool"
				},
				{
					"type": "minecraft:item",
					"name": "minecraft:lime_wool"
				},
				{
					"type": "minecraft:item",
					"name": "minecraft:magenta_wool"
				},
				{
					"type": "minecraft:item",
					"name": "minecraft:orange_wool"
				},
				{
					"type": "minecraft:item",
					"name": "minecraft:pink_wool"
				},
				{
					"type": "minecraft:item",
					"name": "minecraft:purple_wool"
				},
				{
					"type": "minecraft:item",
					"name": "minecraft:red_wool"
				},
				{
					"type": "minecraft:item",
					"name": "minecraft:white_wool"
				},
				{
					"type": "minecraft:item",
					"name": "minecraft:yellow_wool"
				}
			]
		}
	]
}