{
  "display": {
    "icon": {
      "id": "minecraft:enchanted_book",
      "count": 1
    },
    "title": {
      "translate": "advancement.dnt.story.librarian_lone_citadel.title",
      "fallback": "Books of the Snow"
    },
    "description": {
      "translate": "advancement.dnt.story.librarian_lone_citadel",
      "fallback": "Level up a novice Librarian in the Lone Citadel, then trade for their exclusive book"
    },
    "frame": "goal",
    "show_toast": true,
    "announce_to_chat": true,
    "hidden": false
  },
  "parent": "nova_structures:adventure/find_lone_citadel",
  "criteria": {
    "dnt_trade_enchant_snowy": {
      "trigger": "minecraft:villager_trade",
      "conditions": {
        "villager": {
          "nbt": "{Tags:[\"dnt_librarian_snowy\",\"trade2added\"]}"
        },
        "item": {
          "items": "minecraft:enchanted_book",
          "predicates": {
            "minecraft:stored_enchantments": [
              {
                "enchantments": "#nova_structures:librarian_secret_offer/snowy"
              }
            ]
          }
        }
      }
    }
  },
  "requirements": [
    [
      "dnt_trade_enchant_snowy"
    ]
  ],
  "sends_telemetry_event": false
}