{
	"type": "minecraft:generic",
	"pools": [
		{
			"rolls": 1,
			"entries": [
				{
					"type": "minecraft:item",
					"name": "minecraft:map",
					"weight": 1,
					"functions": [
						{
							"function": "minecraft:set_count",
							"count": 1
						},
						{
                			"function": "minecraft:exploration_map",
                			"destination": "kattersstructures:armory",
                			"decoration": "trial_chambers",
                			"zoom": 1,
                			"skip_existing_chunks": true
              			},
						{
							"function": "minecraft:set_name",
							"entity": "this",
							"target": "custom_name",
							"name": {
								"translate": "item.kattersstructures.map_armory.name",
								"fallback": "Armory Map"
							}
						},
						{
							"function": "minecraft:set_lore",
							"entity": "this",
							"lore": [
								{
									"translate": "item.kattersstructures.map_armory.lore",
									"fallback": "Shows the location of a Katters Structure Armory"
								}
							],
							"mode": "insert"
						}
					]
				}
			]
		}
	]
}