{
	"type": "minecraft:entity",
	"pools": [
		{
			"rolls": 1,
			"entries": [
				{
					"type": "minecraft:item",
					"name": "minecraft:blaze_rod",
					"functions": [
						{
							"function": "minecraft:set_count",
							"count": 1
						},
						{
							"function": "minecraft:set_components",
							"components": {
								"minecraft:consumable": {
									"consume_seconds": 1,
									"animation": "bow",
									"sound": "minecraft:entity.evoker.cast_spell",
									"has_consume_particles": false,
									"on_consume_effects": [
										{
											"type": "minecraft:play_sound",
											"sound": "minecraft:entity.illusioner.cast_spell"
										}
									]
								},
                                "minecraft:item_name": {"color":"dark_purple","fallback":"The Staff of Ages","translate":"item.kattersstructures.the_staff_of_ages"},
								
                                "minecraft:lore": [
                	                {"fallback":"Consumes 3 Levels to cast","translate":"item.kattersstructures.the_staff_of_ages_lore_1"}
              	                ],
								"minecraft:max_stack_size": 1,
								"minecraft:use_cooldown": {
									"seconds": 100,
									"cooldown_group": "kattersstructures:the_staff_of_ages"
								},
								"minecraft:custom_data": {
            		                "kattersstructures" : "the_staff_of_ages_nm"
				                }
							}
						}
					]
				}
			]
		}
	]
}