{
	"type": "minecraft:entity",
	"pools": [
		{
			"rolls": 1,
			"entries": [
				{
					"type": "minecraft:item",
					"name": "minecraft:blaze_rod",
					"functions": [
						{
							"function": "minecraft:set_count",
							"count": 1
						},
						{
							"function": "minecraft:set_components",
							"components": {
								"minecraft:consumable": {
									"consume_seconds": 1,
									"animation": "bow",
									"sound": "minecraft:entity.evoker.cast_spell",
									"has_consume_particles": false,
									"on_consume_effects": [
										{
											"type": "minecraft:play_sound",
											"sound": "minecraft:entity.illusioner.cast_spell"
										}
									]
								},
                                "minecraft:item_name": {"color":"aqua","fallback":"The Weather Shaper","translate":"item.kattersstructures.weather_shaper"},
								"minecraft:item_model": "kattersstructures:weather_shaper",
                                "minecraft:lore": [
                	                {"fallback":"Consumes 3 Levels to cast","translate":"item.kattersstructures.weather_shaper_lore_1"}
              	                ],
								"minecraft:max_stack_size": 1,
								"minecraft:use_cooldown": {
									"seconds": 100,
									"cooldown_group": "kattersstructures:weather_shaper"
								},
								"minecraft:custom_data": {
            		                "kattersstructures" : "weather_shaper"
				                }
							}
						}
					]
				}
			]
		}
	]
}