{
	"type": "minecraft:multi_action",
	"title": {
		"translate": "dialog.kattersstructures.spawner.title",
		"fallback": "Welcome to the Give Spawner menu"
	},
	"inputs": [],
	"actions": [
		{
			"label": {
				"translate": "dialog.kattersstructures.spawner.label_1",
				"fallback": "Mini Dungeon Trial Spawner"
			},
			"action": {
				"type": "minecraft:run_command",
				"command": "function kattersstructures:give_items/spawner/mini_dungeon_trial"

			}
		},{
			"label": {
				"translate": "dialog.kattersstructures.spawner.label_2",
				"fallback": "Sky Dungeon Trial Spawner"
			},
			"action": {
				"type": "minecraft:run_command",
				"command": "function kattersstructures:give_items/spawner/sky_dungeon_trial"

			}
        }
	]
}