{
	"type": "minecraft:multi_action",
	"title": {
		"translate": "dialog.kattersstructures.villager_tales.title",
		"fallback": "Welcome to the Give Books menu (Villager Tales)"
	},
	"inputs": [],
	"actions": [
		{"label": {"text": "A Villagers Garland"},"action": {"type": "minecraft:run_command","command": "function kattersstructures:give_items/books/villager_tales/a_villagers_garland"}},
		{"label": {"text": "An Iron Sword for Every Smithy"},"action": {"type": "minecraft:run_command","command": "function kattersstructures:give_items/books/villager_tales/an_iron_sword_for_every_smithy"}},
		{"label": {"text": "Beneath the Whispering Grass"},"action": {"type": "minecraft:run_command","command": "function kattersstructures:give_items/books/villager_tales/beneath_the_whispering_grass"}},
		{"label": {"text": "Blossoming Hope"},"action": {"type": "minecraft:run_command","command": "function kattersstructures:give_items/books/villager_tales/blossoming_hope"}},
		{"label": {"text": "Brewing 101"},"action": {"type": "minecraft:run_command","command": "function kattersstructures:give_items/books/villager_tales/brewing_101"}},
		{"label": {"text": "Droggelbecher"},"action": {"type": "minecraft:run_command","command": "function kattersstructures:give_items/books/villager_tales/droggelbecher"}},
		{"label": {"text": "Emerald Agony"},"action": {"type": "minecraft:run_command","command": "function kattersstructures:give_items/books/villager_tales/emerald_agony"}},
		{"label": {"text": "Guardians of the Ancient Grove"},"action": {"type": "minecraft:run_command","command": "function kattersstructures:give_items/books/villager_tales/guardians_of_the_ancient_grove"}},
		{"label": {"text": "Iron City Skyhold"},"action": {"type": "minecraft:run_command","command": "function kattersstructures:give_items/books/villager_tales/iron_city_skyhold"}},
		{"label": {"text": "Lars the Lively's Stock Check"},"action": {"type": "minecraft:run_command","command": "function kattersstructures:give_items/books/villager_tales/lars_the_livelys_stock_check"}},
		{"label": {"text": "Perplexing Plight of Brunostein"},"action": {"type": "minecraft:run_command","command": "function kattersstructures:give_items/books/villager_tales/perplexing_plight_of_brunostein"}},
		{"label": {"text": "Redstone Recipes"},"action": {"type": "minecraft:run_command","command": "function kattersstructures:give_items/books/villager_tales/redstone_recipes"}},
		{"label": {"text": "Redstone Revelations"},"action": {"type": "minecraft:run_command","command": "function kattersstructures:give_items/books/villager_tales/redstone_revelations"}},
		{"label": {"text": "Song for the Wandering Merchant"},"action": {"type": "minecraft:run_command","command": "function kattersstructures:give_items/books/villager_tales/song_for_the_wandering_merchant"}},
		{"label": {"text": "Swampification of Snuggledown"},"action": {"type": "minecraft:run_command","command": "function kattersstructures:give_items/books/villager_tales/swampification_of_snuggledown"}},
		{"label": {"text": "Tales of the White Coat"},"action": {"type": "minecraft:run_command","command": "function kattersstructures:give_items/books/villager_tales/tales_of_the_white_coat"}},
		{"label": {"text": "The Ancient City"},"action": {"type": "minecraft:run_command","command": "function kattersstructures:give_items/books/villager_tales/the_ancient_city"}},
		{"label": {"text": "The Ballad of Iron City Skyhold"},"action": {"type": "minecraft:run_command","command": "function kattersstructures:give_items/books/villager_tales/the_ballad_of_iron_city_skyhold"}},
		{"label": {"text": "The Blocky Diary"},"action": {"type": "minecraft:run_command","command": "function kattersstructures:give_items/books/villager_tales/the_blocky_diary"}},
		{"label": {"text": "The Book of Brunostein Part I"},"action": {"type": "minecraft:run_command","command": "function kattersstructures:give_items/books/villager_tales/the_book_of_brunostein_part_i"}},
		{"label": {"text": "The Book of Brunostein Part II"},"action": {"type": "minecraft:run_command","command": "function kattersstructures:give_items/books/villager_tales/the_book_of_brunostein_part_ii"}},
		{"label": {"text": "The Book of Brunostein Part III"},"action": {"type": "minecraft:run_command","command": "function kattersstructures:give_items/books/villager_tales/the_book_of_brunostein_part_iii"}},
		{"label": {"text": "The Case of the Snowy Snitch"},"action": {"type": "minecraft:run_command","command": "function kattersstructures:give_items/books/villager_tales/the_case_of_the_snowy_snitch"}},
		{"label": {"text": "The Chronicle of Devin"},"action": {"type": "minecraft:run_command","command": "function kattersstructures:give_items/books/villager_tales/the_chronicle_of_devin"}},
		{"label": {"text": "The Curious Case of the Smu Bee"},"action": {"type": "minecraft:run_command","command": "function kattersstructures:give_items/books/villager_tales/the_curious_case_of_the_smu_bee"}},
		{"label": {"text": "The Curious Chronicle of Clancy"},"action": {"type": "minecraft:run_command","command": "function kattersstructures:give_items/books/villager_tales/the_curious_chronicle_of_clancy"}},
		{"label": {"text": "The Day the Sky Turned Quartz"},"action": {"type": "minecraft:run_command","command": "function kattersstructures:give_items/books/villager_tales/the_day_the_sky_turned_quartz"}},
		{"label": {"text": "The Day the Wool Turned Funny"},"action": {"type": "minecraft:run_command","command": "function kattersstructures:give_items/books/villager_tales/the_day_the_wool_turned_funny"}},
		{"label": {"text": "The Emerald Chronicles Part I"},"action": {"type": "minecraft:run_command","command": "function kattersstructures:give_items/books/villager_tales/the_emerald_chronicles_part_i"}},
		{"label": {"text": "The Emerald Chronicles Part II"},"action": {"type": "minecraft:run_command","command": "function kattersstructures:give_items/books/villager_tales/the_emerald_chronicles_part_ii"}},
		{"label": {"text": "The Emerald Chronicles Part III"},"action": {"type": "minecraft:run_command","command": "function kattersstructures:give_items/books/villager_tales/the_emerald_chronicles_part_iii"}},
		{"label": {"text": "The Emerald Chronicles Part IV"},"action": {"type": "minecraft:run_command","command": "function kattersstructures:give_items/books/villager_tales/the_emerald_chronicles_part_iv"}},
		{"label": {"text": "The Emerald Chronicles Part V"},"action": {"type": "minecraft:run_command","command": "function kattersstructures:give_items/books/villager_tales/the_emerald_chronicles_part_v"}},
		{"label": {"text": "The Emerald Path"},"action": {"type": "minecraft:run_command","command": "function kattersstructures:give_items/books/villager_tales/the_emerald_path"}},
		{"label": {"text": "The Great Woof or Meow Debate"},"action": {"type": "minecraft:run_command","command": "function kattersstructures:give_items/books/villager_tales/the_great_woof_or_meow_debate"}},
		{"label": {"text": "The Inky Chronicles"},"action": {"type": "minecraft:run_command","command": "function kattersstructures:give_items/books/villager_tales/the_inky_chronicles"}},
		{"label": {"text": "The Iron Embrace"},"action": {"type": "minecraft:run_command","command": "function kattersstructures:give_items/books/villager_tales/the_iron_embrace"}},
		{"label": {"text": "The Journal of Linus"},"action": {"type": "minecraft:run_command","command": "function kattersstructures:give_items/books/villager_tales/the_journal_of_linus"}},
		{"label": {"text": "The Jungle Canopy"},"action": {"type": "minecraft:run_command","command": "function kattersstructures:give_items/books/villager_tales/the_jungle_canopy"}},
		{"label": {"text": "The Marker Incident of florencia"},"action": {"type": "minecraft:run_command","command": "function kattersstructures:give_items/books/villager_tales/the_marker_incident_of_florencia"}},
		{"label": {"text": "The Mesas Outlaws"},"action": {"type": "minecraft:run_command","command": "function kattersstructures:give_items/books/villager_tales/the_mesas_outlaws"}},
		{"label": {"text": "The Mushroom Village"},"action": {"type": "minecraft:run_command","command": "function kattersstructures:give_items/books/villager_tales/the_mushroom_village"}},
		{"label": {"text": "The Noseless Nightmare"},"action": {"type": "minecraft:run_command","command": "function kattersstructures:give_items/books/villager_tales/the_noseless_nightmare"}},
		{"label": {"text": "The Ocean Abodes"},"action": {"type": "minecraft:run_command","command": "function kattersstructures:give_items/books/villager_tales/the_ocean_abodes"}},
		{"label": {"text": "The Ocean Calls"},"action": {"type": "minecraft:run_command","command": "function kattersstructures:give_items/books/villager_tales/the_ocean_calls"}},
		{"label": {"text": "The Pillager Peril"},"action": {"type": "minecraft:run_command","command": "function kattersstructures:give_items/books/villager_tales/the_pillager_peril"}},
		{"label": {"text": "The Portals Secret"},"action": {"type": "minecraft:run_command","command": "function kattersstructures:give_items/books/villager_tales/the_portals_secret"}},
		{"label": {"text": "The Secret of the Sweetest Block"},"action": {"type": "minecraft:run_command","command": "function kattersstructures:give_items/books/villager_tales/the_secret_of_the_sweetest_block"}},
		{"label": {"text": "The Shadow on the Horizon"},"action": {"type": "minecraft:run_command","command": "function kattersstructures:give_items/books/villager_tales/the_shadow_on_the_horizon"}},
		{"label": {"text": "The Skyrtles Wrath"},"action": {"type": "minecraft:run_command","command": "function kattersstructures:give_items/books/villager_tales/the_skyrtles_wrath"}},
		{"label": {"text": "The Skyward Tower"},"action": {"type": "minecraft:run_command","command": "function kattersstructures:give_items/books/villager_tales/the_skyward_tower"}},
		{"label": {"text": "The Song of the Anvil"},"action": {"type": "minecraft:run_command","command": "function kattersstructures:give_items/books/villager_tales/the_song_of_the_anvil"}},
		{"label": {"text": "The Song of the Mine"},"action": {"type": "minecraft:run_command","command": "function kattersstructures:give_items/books/villager_tales/the_song_of_the_mine"}},
		{"label": {"text": "The Spiders Shadow"},"action": {"type": "minecraft:run_command","command": "function kattersstructures:give_items/books/villager_tales/the_spiders_shadow"}},
		{"label": {"text": "The Tower of Shadows"},"action": {"type": "minecraft:run_command","command": "function kattersstructures:give_items/books/villager_tales/the_tower_of_shadows"}},
		{"label": {"text": "The Vini Interrogations"},"action": {"type": "minecraft:run_command","command": "function kattersstructures:give_items/books/villager_tales/the_vini_interrogations"}},
		{"label": {"text": "The Wild and the Wily"},"action": {"type": "minecraft:run_command","command": "function kattersstructures:give_items/books/villager_tales/the_wild_and_the_wily"}},
		{"label": {"text": "The Witch of Willow Creek"},"action": {"type": "minecraft:run_command","command": "function kattersstructures:give_items/books/villager_tales/the_witch_of_willow_creek"}},
		{"label": {"text": "The Wondrous World Outside"},"action": {"type": "minecraft:run_command","command": "function kattersstructures:give_items/books/villager_tales/the_wondrous_world_outside"}},
		{"label": {"text": "Whispers After Dark"},"action": {"type": "minecraft:run_command","command": "function kattersstructures:give_items/books/villager_tales/whispers_after_dark"}}
    ]
}