{
    "display": {
      "icon": {
        "id": "minecraft:white_wool",
        "count": 1
      },
      "title": {
      "translate": "advancement.kattersstructures.sky_decor_title",
      "fallback": "Airborne Villagers"
      
    },
    "description": {
      "translate": "advancement.kattersstructures.sky_decor_description",
      "fallback": "Spot these colorful balloons and blimps soaring across the sky! Villagers have taken to the air in these whimsical sky-homes."
      }
  },
  "parent": "kattersstructures:root",
    "criteria": {
      "sky_decor": {
        "trigger": "minecraft:location",
        "conditions": {
          "player": [
            {
              "condition": "minecraft:entity_properties",
              "entity": "this",
              "predicate": {
                "location": {
                  "structures": "kattersstructures:sky_decor"
                }
              }
            }
          ]
        }
      }
    },
    "sends_telemetry_event": true
  }
  