{
    "parent": "nova_structures:nether/find_piglins",
    "criteria": {
        "nova_structures:piglin_camp": {
            "conditions": {
                "player": [
                    {
                        "condition": "minecraft:entity_properties",
                        "entity": "this",
                        "predicate": {
                            "location": {
                                "structures": "nova_structures:piglin_camp"
                            }
                        }
                    }
                ]
            },
            "trigger": "minecraft:location"
        },
        "nova_structures:piglin_camp_collony": {
            "conditions": {
                "player": [
                    {
                        "condition": "minecraft:entity_properties",
                        "entity": "this",
                        "predicate": {
                            "location": {
                                "structures": "nova_structures:piglin_camp_collony"
                            }
                        }
                    }
                ]
            },
            "trigger": "minecraft:location"
        }
    },
    "display": {
        "announce_to_chat": true,
        "description": {
            "translate": "advancement.dnt.nether.find_piglin_camps",
            "fallback": "Discover a Piglin Camp or Colony"
        },
        "frame": "task",
        "hidden": false,
        "icon": {
			"count": 1,
            "id": "minecraft:nether_gold_ore"
        },
        "show_toast": true,
        "title": {
            "translate": "advancement.dnt.nether.find_piglin_camps.title",
            "fallback": "Grounds for Gold"
        }
    },
    "requirements": [
        [
            "nova_structures:piglin_camp",
            "nova_structures:piglin_camp_collony"
        ]
    ],
    "sends_telemetry_event": false
}
