{
  "type": "minecraft:chest",
  "pools": [
    {
      "rolls": 1,
      "entries": [
        {
          "type": "loot_table",
          "value": "nova_structures:chests/nether_keep/vault_keep_base"
        }
      ]
    },
    {
      "rolls": 1,
      "bonus_rolls": 0.0,
      "entries": [
        {
          "type": "minecraft:item",
          "functions": [
            {
              "function": "minecraft:enchant_with_levels",
              "levels": 15,
              "options": "#nova_structures:wither_coated"
            }
          ],
          "name": "minecraft:book",
          "weight": 3
        },
		{
          "type": "minecraft:item",
          "functions": [
            {
              "function": "minecraft:enchant_with_levels",
              "levels": 15,
              "options": "#nova_structures:swift_soar"
            }
          ],
          "name": "minecraft:book"
        },
		{
          "type": "minecraft:item",
          "functions": [
            {
              "function": "minecraft:enchant_with_levels",
              "levels": 15,
              "options": "#nova_structures:hydro_veil"
            }
          ],
          "name": "minecraft:book"
        }
      ]
    }
  ],
  "functions": [
    {
      "function": "minecraft:reference",
      "name": "nova_structures:loot_modifier"
    }
  ]
}