{
  "type": "minecraft:chest",
  "pools": [
    {
      "rolls": {
        "min": 1,
        "max": 2
      },
      "entries": [
        {
          "type": "minecraft:item",
          "name": "minecraft:diamond_sword",
          "weight": 5,
          "functions": [
            {
              "function": "minecraft:enchant_with_levels",
              "levels": {
                "min": 25,
                "max": 45
              },
              "options": "#nova_structures:structure/sealing_halls_ghasted",
              "only_compatible": true
            }
          ]
        },
        {
          "type": "minecraft:item",
          "name": "minecraft:bow",
          "weight": 6,
          "functions": [
            {
              "function": "minecraft:enchant_with_levels",
              "levels": {
                "min": 25,
                "max": 45
              },
              "options": "#nova_structures:structure/sealing_halls_ghasted",
              "only_compatible": true
            }
          ]
        },
        {
          "type": "minecraft:item",
          "name": "minecraft:diamond_helmet",
          "weight": 3,
          "functions": [
            {
              "function": "minecraft:enchant_with_levels",
              "levels": {
                "min": 25,
                "max": 45
              },
              "options": "#nova_structures:structure/sealing_halls_ghasted",
              "only_compatible": true
            }
          ]
        },
        {
          "type": "minecraft:item",
          "name": "minecraft:diamond_chestplate",
          "weight": 5,
          "functions": [
            {
              "function": "minecraft:enchant_with_levels",
              "levels": {
                "min": 25,
                "max": 45
              },
              "options": "#nova_structures:structure/sealing_halls",
              "only_compatible": true
            }
          ]
        },
        {
          "type": "minecraft:item",
          "name": "minecraft:diamond_leggings",
          "weight": 3,
          "functions": [
            {
              "function": "minecraft:enchant_with_levels",
              "levels": {
                "min": 25,
                "max": 45
              },
              "options": "#nova_structures:structure/sealing_halls_ghasted",
              "only_compatible": true
            }
          ]
        },
        {
          "type": "minecraft:item",
          "name": "minecraft:diamond_boots",
          "weight": 3,
          "functions": [
            {
              "function": "minecraft:enchant_with_levels",
              "levels": {
                "min": 25,
                "max": 45
              },
              "options": "#nova_structures:structure/sealing_halls_ghasted",
              "only_compatible": true
            }
          ]
        },
		{
          "type": "minecraft:item",
          "name": "minecraft:netherite_sword",
          "weight": 7,
          "functions": [
            {
              "function": "minecraft:enchant_with_levels",
              "levels": {
                "min": 25,
                "max": 45
              },
              "options": "#nova_structures:structure/sealing_halls_ghasted",
              "only_compatible": true
            }
          ]
        },
        {
          "type": "minecraft:item",
          "name": "minecraft:crossbow",
          "weight": 6,
          "functions": [
            {
              "function": "minecraft:enchant_with_levels",
              "levels": {
                "min": 25,
                "max": 45
              },
              "options": "#nova_structures:structure/sealing_halls_ghasted",
              "only_compatible": true
            }
          ]
        },
        {
          "type": "minecraft:item",
          "name": "minecraft:netherite_helmet",
          "weight": 5,
          "functions": [
            {
              "function": "minecraft:enchant_with_levels",
              "levels": {
                "min": 25,
                "max": 45
              },
              "options": "#nova_structures:structure/sealing_halls_ghasted",
              "only_compatible": true
            }
          ]
        },
        {
          "type": "minecraft:item",
          "name": "minecraft:netherite_chestplate",
          "weight": 7,
          "functions": [
            {
              "function": "minecraft:enchant_with_levels",
              "levels": {
                "min": 25,
                "max": 45
              },
              "options": "#nova_structures:structure/sealing_halls",
              "only_compatible": true
            }
          ]
        },
        {
          "type": "minecraft:item",
          "name": "minecraft:netherite_leggings",
          "weight": 5,
          "functions": [
            {
              "function": "minecraft:enchant_with_levels",
              "levels": {
                "min": 25,
                "max": 45
              },
              "options": "#nova_structures:structure/sealing_halls_ghasted",
              "only_compatible": true
            }
          ]
        },
        {
          "type": "minecraft:item",
          "name": "minecraft:netherite_boots",
          "weight": 5,
          "functions": [
            {
              "function": "minecraft:enchant_with_levels",
              "levels": {
                "min": 25,
                "max": 45
              },
              "options": "#nova_structures:structure/sealing_halls_ghasted",
              "only_compatible": true
            }
          ]
        }
      ]
    },
    {
      "rolls": {
        "min": 1,
        "max": 2
      },
      "entries": [
        {
          "type": "minecraft:item",
          "name": "minecraft:golden_carrot",
          "weight": 7,
          "functions": [
            {
              "function": "minecraft:set_count",
              "count": {
                "min": 5,
                "max": 9
              }
            }
          ]
        },
        {
          "type": "minecraft:item",
          "name": "minecraft:diamond",
          "weight": 3,
          "functions": [
            {
              "function": "minecraft:set_count",
              "count": {
                "min": 2,
                "max": 7
              }
            }
          ]
        },
        {
          "type": "minecraft:item",
          "name": "minecraft:iron_block",
          "weight": 3,
          "functions": [
            {
              "function": "minecraft:set_count",
              "count": {
                "min": 3,
                "max": 7
              }
            }
          ]
        }
      ]
    },
    {
      "rolls": {
        "min": 1,
        "max": 2
      },
      "entries": [
        {
          "type": "minecraft:item",
          "name": "minecraft:book",
          "weight": 5,
          "functions": [
            {
              "function": "minecraft:enchant_randomly",
              "options": "#nova_structures:ghasted"
            }
          ]
        },
        {
          "type": "minecraft:item",
          "name": "minecraft:book",
          "weight": 2,
          "functions": [
            {
              "function": "minecraft:enchant_randomly",
              "options": "#nova_structures:wither_coated"
            }
          ]
        },
		{
          "type": "minecraft:item",
          "name": "minecraft:book",
          "weight": 2,
          "functions": [
            {
              "function": "minecraft:enchant_randomly",
              "options": "#nova_structures:aerials_bane"
            }
          ]
        }
      ]
    },
    {
      "rolls": 1,
      "entries": [
        {
          "type": "minecraft:empty",
          "weight": 3
        },
        {
          "type": "minecraft:item",
          "name": "minecraft:white_harness",
          "weight": 3,
          "functions": [
            {
              "function": "minecraft:enchant_randomly",
              "options": "#nova_structures:structure/harness_enchants"
            }
          ]
        },
        {
          "type": "minecraft:item",
          "name": "minecraft:book",
          "weight": 3,
          "functions": [
            {
              "function": "minecraft:enchant_randomly",
              "options": "#nova_structures:swift_soar"
            }
          ]
        },
        {
          "type": "minecraft:item",
          "name": "minecraft:book",
          "weight": 3,
          "functions": [
            {
              "function": "minecraft:enchant_randomly",
              "options": "#nova_structures:hydro_veil"
            }
          ]
        }
      ]
    },
    {
      "rolls": 1,
      "entries": [
        {
          "type": "minecraft:item",
          "name": "minecraft:rib_armor_trim_smithing_template",
          "weight": 1
        },
        {
          "type": "minecraft:item",
          "name": "minecraft:diamond_block",
          "weight": 1
        },
        {
          "type": "minecraft:item",
          "name": "minecraft:enchanted_golden_apple"
        }
      ]
    },
	{
      "rolls": 1,
      "entries": [
        {
          "type": "minecraft:item",
          "name": "minecraft:crossbow",
          "weight": 1,
          "functions": [
            {
              "function": "minecraft:enchant_with_levels",
              "levels": {
                "min": 25,
                "max": 45
              },
              "options": "#nova_structures:ghasted",
              "only_compatible": true
            }
          ]
        }
      ]
    },
    {
      "rolls": 1,
      "entries": [
        {
          "type": "minecraft:item",
          "name": "minecraft:dried_ghast"
        }
      ]
    }
  ],
  "functions": [
    {
      "function": "minecraft:reference",
      "name": "nova_structures:loot_modifier"
    }
  ]
}