
{
  "type": "minecraft:chest",
  "pools": [
    {
      "rolls": {
        "min": 1,
        "max": 2
      },
      "entries": [
        {
          "type": "minecraft:item",
          "name": "minecraft:iron_ingot",
          "weight": 100,
          "functions": [
            {
              "function": "minecraft:set_count",
              "count": {
                "min": 5,
                "max": 10
              }
            }
          ]
        },
        {
          "type": "minecraft:item",
          "name": "minecraft:gold_ingot",
          "weight": 70,
          "functions": [
            {
              "function": "minecraft:set_count",
              "count": {
                "min": 3,
                "max": 8
              }
            }
          ]
        },
        {
          "type": "minecraft:item",
          "name": "minecraft:iron_block",
          "weight": 50,
          "functions": [
            {
              "function": "minecraft:set_count",
              "count": {
                "min": 1,
                "max": 3
              }
            }
          ]
        },
        {
          "type": "minecraft:item",
          "name": "minecraft:diamond",
          "weight": 30,
          "functions": [
            {
              "function": "minecraft:set_count",
              "count": {
                "min": 1,
                "max": 5
              }
            }
          ]
        },
        {
          "type": "minecraft:item",
          "name": "minecraft:diamond_block",
          "weight": 10,
          "functions": []
        },
		{
          "type": "minecraft:item",
          "name": "minecraft:diamond_sword",
          "weight": 5,
          "functions": [
            {
              "function": "minecraft:enchant_randomly",
              "levels": {
                "min": 25,
                "max": 45
              },
              "options": "#nova_structures:structure/sealing_halls_ghasted",
              "only_compatible": true
            }
          ]
        },
        {
          "type": "minecraft:item",
          "name": "minecraft:bow",
          "weight": 50,
          "functions": [
            {
              "function": "minecraft:enchant_randomly",
              "levels": {
                "min": 25,
                "max": 45
              },
              "options": "#nova_structures:structure/sealing_halls_ghasted",
              "only_compatible": true
            }
          ]
        },
        {
          "type": "minecraft:item",
          "name": "minecraft:diamond_helmet",
          "weight": 30,
          "functions": [
            {
              "function": "minecraft:enchant_randomly",
              "levels": {
                "min": 25,
                "max": 45
              },
              "options": "#nova_structures:structure/sealing_halls_ghasted",
              "only_compatible": true
            }
          ]
        },
        {
          "type": "minecraft:item",
          "name": "minecraft:diamond_chestplate",
          "weight": 30,
          "functions": [
            {
              "function": "minecraft:enchant_randomly",
              "levels": {
                "min": 25,
                "max": 45
              },
              "options": "#nova_structures:structure/sealing_halls",
              "only_compatible": true
            }
          ]
        },
        {
          "type": "minecraft:item",
          "name": "minecraft:diamond_leggings",
          "weight": 10,
          "functions": [
            {
              "function": "minecraft:enchant_randomly",
              "options": "#nova_structures:structure/sealing_halls_ghasted",
              "only_compatible": true
            }
          ]
        },
        {
          "type": "minecraft:item",
          "name": "minecraft:diamond_boots",
          "weight": 10,
          "functions": [
            {
              "function": "minecraft:enchant_randomly",
              "options": "#nova_structures:structure/sealing_halls_ghasted",
              "only_compatible": true
            }
          ]
        },
        {
          "type": "minecraft:item",
          "name": "minecraft:diamond_sword",
          "weight": 5,
          "functions": [
            {
              "function": "minecraft:enchant_randomly",
              "levels": {
                "min": 25,
                "max": 45
              },
              "options": "#nova_structures:structure/sealing_halls_ghasted",
              "only_compatible": true
            }
          ]
        },
        {
          "type": "minecraft:item",
          "name": "minecraft:iron_helmet",
          "weight": 30,
          "functions": [
            {
              "function": "minecraft:enchant_randomly",
              "levels": {
                "min": 25,
                "max": 45
              },
              "options": "#nova_structures:structure/sealing_halls_ghasted",
              "only_compatible": true
            }
          ]
        },
        {
          "type": "minecraft:item",
          "name": "minecraft:iron_chestplate",
          "weight": 50,
          "functions": [
            {
              "function": "minecraft:enchant_randomly",
              "levels": {
                "min": 25,
                "max": 45
              },
              "options": "#nova_structures:structure/sealing_halls",
              "only_compatible": true
            }
          ]
        },
        {
          "type": "minecraft:item",
          "name": "minecraft:iron_leggings",
          "weight": 30,
          "functions": [
            {
              "function": "minecraft:enchant_randomly",
              "options": "#nova_structures:structure/sealing_halls_ghasted",
              "only_compatible": true
            }
          ]
        },
        {
          "type": "minecraft:item",
          "name": "minecraft:iron_boots",
          "weight": 30,
          "functions": [
            {
              "function": "minecraft:enchant_randomly",
              "options": "#nova_structures:structure/sealing_halls_ghasted",
              "only_compatible": true
            }
          ]
        },
		{
          "type": "minecraft:item",
          "name": "minecraft:netherite_sword",
          "weight": 5,
          "functions": [
            {
              "function": "minecraft:enchant_randomly",
              "levels": {
                "min": 25,
                "max": 45
              },
              "options": "#nova_structures:structure/sealing_halls_ghasted",
              "only_compatible": true
            }
          ]
        },
        {
          "type": "minecraft:item",
          "name": "minecraft:crossbow",
          "weight": 30,
          "functions": [
            {
              "function": "minecraft:enchant_randomly",
              "levels": {
                "min": 25,
                "max": 45
              },
              "options": "#nova_structures:structure/sealing_halls_ghasted",
              "only_compatible": true
            }
          ]
        },
        {
          "type": "minecraft:item",
          "name": "minecraft:netherite_helmet",
          "weight": 3,
          "functions": [
            {
              "function": "minecraft:enchant_randomly",
              "levels": {
                "min": 25,
                "max": 45
              },
              "options": "#nova_structures:structure/sealing_halls_ghasted",
              "only_compatible": true
            }
          ]
        },
        {
          "type": "minecraft:item",
          "name": "minecraft:netherite_chestplate",
          "weight": 5,
          "functions": [
            {
              "function": "minecraft:enchant_randomly",
              "levels": {
                "min": 25,
                "max": 45
              },
              "options": "#nova_structures:structure/sealing_halls",
              "only_compatible": true
            }
          ]
        },
        {
          "type": "minecraft:item",
          "name": "minecraft:netherite_leggings",
          "weight": 3,
          "functions": [
            {
              "function": "minecraft:enchant_randomly",
              "options": "#nova_structures:structure/sealing_halls_ghasted",
              "only_compatible": true
            }
          ]
        },
        {
          "type": "minecraft:item",
          "name": "minecraft:netherite_boots",
          "weight": 3,
          "functions": [
            {
              "function": "minecraft:enchant_randomly",
              "options": "#nova_structures:structure/sealing_halls_ghasted",
              "only_compatible": true
            }
          ]
        }
      ]
    },
    {
      "rolls": {
        "min": 1,
        "max": 3
      },
      "entries": [
        {
          "type": "minecraft:item",
          "name": "minecraft:iron_ingot",
          "weight": 10,
          "functions": [
            {
              "function": "minecraft:set_count",
              "count": {
                "min": 5,
                "max": 10
              }
            }
          ]
        },
        {
          "type": "minecraft:item",
          "name": "minecraft:gold_ingot",
          "weight": 7,
          "functions": [
            {
              "function": "minecraft:set_count",
              "count": {
                "min": 3,
                "max": 8
              }
            }
          ]
        },
        {
          "type": "minecraft:item",
          "name": "minecraft:iron_block",
          "weight": 5,
          "functions": [
            {
              "function": "minecraft:set_count",
              "count": {
                "min": 1,
                "max": 3
              }
            }
          ]
        },
        {
          "type": "minecraft:item",
          "name": "minecraft:diamond",
          "weight": 3,
          "functions": [
            {
              "function": "minecraft:set_count",
              "count": {
                "min": 1,
                "max": 5
              }
            }
          ]
        },
        {
          "type": "minecraft:item",
          "name": "minecraft:diamond_block",
          "weight": 1,
          "functions": []
        }
      ]
    },
    {
      "rolls": {
        "min": 1,
        "max": 2
      },
      "entries": [
        {
          "type": "minecraft:item",
          "name": "minecraft:golden_carrot",
          "weight": 7,
          "functions": [
            {
              "function": "minecraft:set_count",
              "count": {
                "min": 5,
                "max": 9
              }
            }
          ]
        },
        {
          "type": "minecraft:item",
          "name": "minecraft:cooked_porkchop",
          "weight": 5,
          "functions": [
            {
              "function": "minecraft:set_count",
              "count": {
                "min": 3,
                "max": 7
              }
            }
          ]
        },
        {
          "type": "minecraft:item",
          "name": "minecraft:golden_apple",
          "weight": 5,
          "functions": [
            {
              "function": "minecraft:set_count",
              "count": {
                "min": 1,
                "max": 3
              }
            }
          ]
        },
        {
          "type": "minecraft:item",
          "name": "minecraft:enchanted_golden_apple",
          "weight": 3
        },
        {
          "type": "minecraft:item",
          "name": "minecraft:book",
          "weight": 3,
          "functions": [
            {
              "function": "minecraft:enchant_with_levels",
              "levels": {
                "min": 10,
                "max": 25
              },
              "options": "#nova_structures:structure/sealing_halls"
            }
          ]
        },
        {
          "type": "minecraft:item",
          "name": "minecraft:book",
          "weight": 5,
          "functions": [
            {
              "function": "minecraft:enchant_randomly",
              "options": "#nova_structures:wither_coated"
            }
          ]
        },
        {
          "type": "minecraft:item",
          "name": "minecraft:book",
          "weight": 2,
          "functions": [
            {
              "function": "minecraft:enchant_randomly",
              "options": "#nova_structures:ghasted"
            }
          ]
        }
      ]
    },
    {
      "rolls": {
        "min": 0,
        "max": 1
      },
      "entries": [
        {
          "type": "minecraft:item",
          "name": "minecraft:lingering_potion",
          "weight": 3,
          "functions": [
            {
              "function": "minecraft:set_potion",
              "id": "minecraft:strong_healing"
            }
          ]
        },
        {
          "type": "minecraft:item",
          "name": "minecraft:lingering_potion",
          "weight": 2,
          "functions": [
            {
              "function": "minecraft:set_potion",
              "id": "minecraft:strong_regeneration"
            }
          ]
        },
        {
          "type": "minecraft:loot_table",
          "value": "nova_structures:special_items/wither_lingering_potion",
          "weight": 1,
          "functions": []
        },
        {
          "type": "minecraft:loot_table",
          "value": "nova_structures:special_items/wither_arrow",
          "weight": 5,
          "functions": [
            {
              "function": "minecraft:set_count",
              "count": {
                "min": 5,
                "max": 15
              }
            }
          ]
        },
        {
          "type": "minecraft:item",
          "name": "minecraft:wither_rose",
          "weight": 1
        },
        {
          "type": "minecraft:item",
          "name": "minecraft:book",
          "weight": 2,
          "functions": [
            {
              "function": "minecraft:enchant_randomly",
              "options": "#nova_structures:wither_coated"
            }
          ]
        },
		{
          "type": "minecraft:item",
          "name": "minecraft:book",
          "weight": 1,
          "functions": [
            {
              "function": "minecraft:enchant_randomly",
              "options": "#nova_structures:aerials_bane"
            }
          ]
        }
      ]
    },
    {
      "rolls": {
        "min": 1,
        "max": 2
      },
      "entries": [
        {
          "type": "minecraft:empty",
          "weight": 15
        },
        {
          "type": "minecraft:item",
          "name": "minecraft:ghast_tear",
          "weight": 7
        },
        {
          "type": "minecraft:item",
          "name": "minecraft:dried_ghast",
          "weight": 5
        },
        {
          "type": "minecraft:item",
          "name": "minecraft:black_harness",
          "weight": 3,
          "functions": [
            {
              "function": "minecraft:enchant_randomly",
              "options": "#nova_structures:swift_soar"
            }
          ]
        },
        {
          "type": "minecraft:item",
          "name": "minecraft:book",
          "weight": 3,
          "functions": [
            {
              "function": "minecraft:enchant_randomly",
              "options": "#nova_structures:swift_soar"
            }
          ]
        },
        {
          "type": "minecraft:item",
          "name": "minecraft:book",
          "weight": 3,
          "functions": [
            {
              "function": "minecraft:enchant_randomly",
              "options": "#nova_structures:hydro_veil"
            }
          ]
        }
      ]
    },
    {
      "rolls": 1,
      "entries": [
        {
          "type": "minecraft:empty",
          "weight": 30
        },
        {
          "type": "minecraft:item",
          "name": "minecraft:skull_banner_pattern",
          "weight": 5
        },
        {
          "type": "minecraft:item",
          "name": "minecraft:rib_armor_trim_smithing_template",
          "weight": 1
        },
        {
          "type": "minecraft:item",
          "name": "minecraft:music_disc_tears",
          "weight": 5
        },
		{
          "type": "minecraft:item",
          "name": "minecraft:netherite_ingot",
          "weight": 1
        }
      ]
    }
  ],
  "functions": [
    {
      "function": "minecraft:reference",
      "name": "nova_structures:loot_modifier"
    }
  ]
}