{
    "type": "minecraft:chest",
    "pools": [
      {
        "rolls": 1,
        "entries": [
          {
            "type": "minecraft:item",
            "weight": 15,
            "name": "minecraft:music_disc_cat"
          },
          {
            "type": "minecraft:item",
            "weight": 15,
            "name": "minecraft:music_disc_mellohi"
          },
          {
            "type": "minecraft:item",
            "weight": 15,
            "name": "minecraft:music_disc_chirp"
          },
          {
            "type": "minecraft:item",
            "weight": 10,
            "name": "minecraft:music_disc_11"
          },
          {
            "type": "minecraft:item",
            "weight": 1,
            "name": "minecraft:music_disc_pigstep"
          },
          {
            "type": "minecraft:item",
            "weight": 1,
            "name": "minecraft:music_disc_otherside"
          }
        ]
      },
      {
        "rolls": 4,
        "bonus_rolls": 3,
        "entries": [
          {
            "type": "minecraft:item",
            "weight": 6,
            "name": "minecraft:emerald",
            "functions": [
              {
                "function": "minecraft:set_count",
                "count": {
                  "min": 2,
                  "max": 4
                }
              }
            ]
          },
          {
            "type": "minecraft:item",
            "weight": 4,
            "name": "minecraft:cocoa_beans",
            "functions": [
              {
                "function": "minecraft:set_count",
                "count": {
                  "min": 2,
                  "max": 6
                }
              }
            ]
          },
          {
            "type": "minecraft:item",
            "weight": 4,
            "name": "minecraft:paper",
            "functions": [
              {
                "function": "minecraft:set_count",
                "count": {
                  "min": 1,
                  "max": 3
                }
              }
            ]
          },
          {
            "type": "minecraft:item",
            "weight": 1,
            "name": "minecraft:diamond",
            "functions": [
              {
                "function": "minecraft:set_count",
                "count": 2
              }
            ]
          }
        ]
      }
    ]
  }