{
    "criteria": {
      "requirement": {
        "trigger": "minecraft:consume_item",
        "conditions": {
          "item": {
            "items": "minecraft:potion",
            "count": 1,
            "components": {
              "minecraft:custom_name": {
                "color":"#6B451A",
                "fallback":"Coffee",
                "translate":"item.kattersstructures.coffee"
              }
            }
          }
        }
      }
    },
    "rewards": {
      "function": "kattersstructures:villages/mesa/coffee/trigger"
    }
  }
  