{
    "criteria": {
      "requirement": {
        "trigger": "minecraft:consume_item",
        "conditions": {
          "item": {
            "items": "minecraft:potion",
            "count": 1,
            "components": {
              "minecraft:custom_name": {
                "color":"gold",
                "fallback":"Beer",
                "translate":"item.kattersstructures.beer"
              }
            }
          }
        }
      }
    },
    "rewards": {
      "function": "kattersstructures:villages/mesa/alcohol_poisoning/trigger/beer"
    }
  }
  