{
    "criteria": {
      "requirement": {
        "trigger": "minecraft:consume_item",
        "conditions": {
          "item": {
            "items": "minecraft:potion",
            "count": 1,
            "components": {
              "minecraft:custom_name": {
                "color":"black",
                "fallback":"Moonshine",
                "translate":"item.kattersstructures.moonshine"
              }
            }
          }
        }
      }
    },
    "rewards": {
      "function": "kattersstructures:villages/mesa/alcohol_poisoning/trigger/moonshine"
    }
  }
  