{
	"criteria": {
		"raid_mob_kill": {
			"trigger": "minecraft:player_killed_entity",
			"conditions": {
				"entity": {
					"type": [
						"minecraft:pillager",
						"minecraft:evoker",
						"minecraft:ravager",
						"minecraft:vindicator"
					],
					"location": {
						"structures": "kattersstructures:pillager_village"
					}
				}
			}
		}
	},
	"requirements": [
		[
			"raid_mob_kill"
		]
	],
	"rewards": {
		"function": "kattersstructures:boss/rusta/counter"
	}
}