{
    "criteria": {
      "requirement": {
        "trigger": "minecraft:player_hurt_entity",
        "conditions": {
          "player": [
            {
              "condition": "minecraft:entity_properties",
              "entity": "this",
              "predicate": {}
            }
          ],
          "entity": {
            "type": "minecraft:interaction",
            "nbt": "{Tags:[\"kattersstructures.raj_rod_block.interaction\"]}"
          }
        }
      }
    },
    "rewards": {
      "function": "kattersstructures:items/raj_rod_block/player_interaction/left_click/init"
    }
  }
  