{
	"criteria": {
		"recipe": {
			"trigger": "minecraft:inventory_changed",
			"conditions": {
				"player": [
					{
						"condition": "minecraft:entity_properties",
						"entity": "this",
						"predicate": {}
					}
				],
				"items": [
					{
						"items": "minecraft:blaze_rod",
						"components": {
							"minecraft:item_name": {
								"bold": false,
								"color": "white",
								"italic": false,
								"text": "Raj's Lightning Rod"
							}
						}
					}
				]
			}
		}
	},
	"rewards": {
		"recipes": [
			"kattersstructures:raj_rod_block"
		]
	}
}