{
    "criteria": {
      "requirement": {
        "trigger": "minecraft:using_item",
        "conditions": {
          "player": [
            {
              "condition": "minecraft:entity_properties",
              "entity": "this",
              "predicate": {
                "flags": {}
              }
            }
          ],
          "item": {
            "items": "minecraft:blaze_rod",
            "components": {
              "minecraft:item_name": {
                "bold":false,
                "color":"white",
                "italic":false,
                "text":"Raj's Lightning Rod"
              }
            }
          }
        }
      }
    },
    "rewards": {
      "function": "kattersstructures:items/raj_lightning_rod/run"
    }
  }
  