{
    "criteria": {
      "weather_shaper": {
        "trigger": "minecraft:consume_item",
        "conditions": {
          "item": {
            "items": "minecraft:blaze_rod",
            "components": {
              "minecraft:custom_data": {
                "kattersstructures": "weather_shaper_nm"
              }
            }
          }
        }
      }
    },
    "requirements": [
      [
        "weather_shaper"
      ]
    ],
    "rewards": {
      "function": "kattersstructures:items/theron_spells_nm/weather_shaper"
    }
  }