{
    "type": "minecraft:entity",
    "pools": [
      {
        "rolls": 3,
        "bonus_rolls": 2,
        "entries": [
          {
            "type": "minecraft:item",
            "name": "minecraft:prismarine_shard",
            "functions": [
              {
                "function": "minecraft:set_count",
                "count": {
                  "min": 5,
                  "max": 10
                }
              }
            ]
          },
          {
            "type": "minecraft:item",
            "name": "minecraft:prismarine_crystals",
            "functions": [
              {
                "function": "minecraft:set_count",
                "count": {
                  "min": 3,
                  "max": 7
                }
              }
            ]
          },
          {
            "type": "minecraft:item",
            "name": "minecraft:ink_sac",
            "functions": [
              {
                "function": "minecraft:set_count",
                "count": {
                  "min": 1,
                  "max": 6
                }
              }
            ]
          },
          {
            "type": "minecraft:item",
            "name": "minecraft:turtle_scute",
            "functions": [
              {
                "function": "minecraft:set_count",
                "count": {
                  "min": 1,
                  "max": 4
                }
              }
            ]
          }
        ]
      },
      {
        "rolls": 1,
        "entries": [
          {
            "type": "minecraft:item",
            "name": "minecraft:heart_of_the_sea",
            "quality": 2
          },
          {
            "type": "minecraft:item",
            "name": "minecraft:nautilus_shell",
            "functions": [
              {
                "function": "minecraft:set_count",
                "count": {
                  "min": 1,
                  "max": 3
                }
              }
            ]
          }
        ]
      },
      {
        "rolls": 1,
        "entries": [
          {
            "type": "minecraft:loot_table",
            "value": "kattersstructures:items/boss_key"
          }
        ]
      }
    ]
  }
  