{
    "type": "minecraft:chest",
    "pools": [
      {
        "rolls": 1,
        "entries": [
          {
            "type": "minecraft:item",
            "name": "minecraft:potion",
            "functions": [
              {
                "function": "minecraft:set_components",
                "components": {
                  "minecraft:custom_name": {"color":"gold","fallback":"Beer","translate":"item.kattersstructures.beer"},
                  "minecraft:potion_contents": {
                    "potion": "minecraft:thick",
                    "custom_color": 13218594,
                    "custom_effects": [
                      {
                        "id": "minecraft:strength",
                        "amplifier": 0,
                        "duration": 2000,
                        "ambient": true,
                        "show_particles": false
                      },
                      {
                        "id": "minecraft:speed",
                        "amplifier": 0,
                        "duration": 2000,
                        "ambient": true,
                        "show_particles": false
                      }
                    ]
                  }
                }
              }
            ]
          },
          {
            "type": "minecraft:item",
            "name": "minecraft:potion",
            "functions": [
              {
                "function": "minecraft:set_components",
                "components": {
                  "minecraft:custom_name": {"color":"dark_aqua","fallback":"Gin","translate":"item.kattersstructures.gin"},
                  "minecraft:potion_contents": {
                    "potion": "minecraft:thick",
                    "custom_color": 15921407,
                    "custom_effects": [
                      {
                        "id": "minecraft:haste",
                        "amplifier": 3,
                        "duration": 6000,
                        "ambient": true,
                        "show_particles": false
                      },
                      {
                        "id": "minecraft:health_boost",
                        "amplifier": 2,
                        "duration": 300,
                        "ambient": true,
                        "show_particles": false
                      }
                    ]
                  }
                }
              }
            ]
          },
          {
            "type": "minecraft:item",
            "name": "minecraft:potion",
            "functions": [
              {
                "function": "minecraft:set_components",
                "components": {
                  "minecraft:custom_name": {"color":"red","fallback":"Wine","translate":"item.kattersstructures.wine"},
                  "minecraft:potion_contents": {
                    "potion": "minecraft:thick",
                    "custom_color": 7866119,
                    "custom_effects": [
                      {
                        "id": "minecraft:health_boost",
                        "amplifier": 1,
                        "duration": 6000,
                        "ambient": true,
                        "show_particles": false
                      },
                      {
                        "id": "minecraft:resistance",
                        "amplifier": 1,
                        "duration": 6000,
                        "ambient": true,
                        "show_particles": false
                      },
                      {
                        "id": "minecraft:regeneration",
                        "amplifier": 0,
                        "duration": 6000,
                        "ambient": true,
                        "show_particles": false
                      }
                    ]
                  }
                }
              }
            ]
          }
        ]
      }
    ]
  }
  