{
	"type": "minecraft:chest",
	"pools": [
		{
			"rolls": 5,
			"entries": [
				{
					"type": "minecraft:item",
					"name": "minecraft:tnt",
					"weight": 5,
					"functions": [
						{
							"function": "minecraft:set_count",
							"count": {
								"type": "minecraft:uniform",
								"min": 1,
								"max": 4
							}
						}
					]
				},
				{
					"type": "minecraft:item",
					"name": "minecraft:gunpowder",
					"weight": 10,
					"functions": [
						{
							"function": "minecraft:set_count",
							"count": {
								"type": "minecraft:uniform",
								"min": 4,
								"max": 10
							}
						}
					]
				},
				{
					"type": "minecraft:item",
					"name": "minecraft:flint_and_steel",
					"weight": 1
				},
				{
					"type": "minecraft:item",
					"name": "minecraft:arrow",
					"weight": 4,
					"functions": [
						{
							"function": "minecraft:set_count",
							"count": {
								"type": "minecraft:uniform",
								"min": 4,
								"max": 8
							}
						}
					]
				},
				{
					"type": "minecraft:item",
					"name": "minecraft:string",
					"weight": 3,
					"functions": [
						{
							"function": "minecraft:set_count",
							"count": {
								"type": "minecraft:uniform",
								"min": 1,
								"max": 4
							}
						}
					]
				}
			]
		}
	]
}