{
  "type": "minecraft:chest",
  "pools": [
    {
      "bonus_rolls": 0.0,
      "entries": [
        {
          "type": "minecraft:loot_table",
          "value": "nova_structures:special_items/levitation_arrow"
        },
        {
          "type": "minecraft:loot_table",
          "value": "nova_structures:special_items/levitation_potion"
        },
        {
          "type": "minecraft:loot_table",
          "value": "nova_structures:special_items/levitation_splash_potion"
        },
        {
          "type": "minecraft:loot_table",
          "value": "nova_structures:special_items/levitation_lingering_potion"
        },
        {
          "type": "minecraft:item",
          "name": "potion",
          "functions": [
            {
              "function": "set_potion",
              "id": "slow_falling"
            }
          ],
          "weight": 1
        }
      ],
      "rolls": 1
    },
    {
      "bonus_rolls": 0.0,
      "entries": [
        {
          "type": "minecraft:item",
          "functions": [
            {
              "function": "enchant_with_levels",
              "levels": 20,
              "options": "#nova_structures:structure/end"
            }
          ],
          "name": "minecraft:diamond_helmet"
        },
        {
          "type": "minecraft:item",
          "functions": [
            {
              "function": "enchant_with_levels",
              "levels": 20,
              "options": "#nova_structures:structure/end"
            }
          ],
          "name": "minecraft:diamond_chestplate"
        },
        {
          "type": "minecraft:item",
          "functions": [
            {
              "function": "enchant_with_levels",
              "levels": 20,
              "options": "#nova_structures:structure/end"
            }
          ],
          "name": "minecraft:diamond_leggings"
        },
        {
          "type": "minecraft:item",
          "functions": [
            {
              "function": "enchant_with_levels",
              "levels": 20,
              "options": "#nova_structures:structure/end"
            }
          ],
          "name": "minecraft:diamond_boots"
        },
        {
          "type": "minecraft:item",
          "functions": [
            {
              "function": "enchant_with_levels",
              "levels": 30,
              "options": "#nova_structures:structure/end"
            }
          ],
          "name": "minecraft:diamond_sword"
        },
        {
          "type": "minecraft:item",
          "functions": [
            {
              "function": "enchant_with_levels",
              "levels": 30,
              "options": "#nova_structures:structure/end"
            }
          ],
          "name": "minecraft:diamond_axe"
        },
        {
          "type": "minecraft:item",
          "functions": [
            {
              "function": "enchant_with_levels",
              "levels": 30,
              "options": "#nova_structures:structure/end"
            }
          ],
          "name": "minecraft:iron_helmet"
        },
        {
          "type": "minecraft:item",
          "functions": [
            {
              "function": "enchant_with_levels",
              "levels": 30,
              "options": "#nova_structures:structure/end"
            }
          ],
          "name": "minecraft:iron_chestplate"
        },
        {
          "type": "minecraft:item",
          "functions": [
            {
              "function": "enchant_with_levels",
              "levels": 30,
              "options": "#nova_structures:structure/end"
            }
          ],
          "name": "minecraft:iron_leggings"
        },
        {
          "type": "minecraft:item",
          "functions": [
            {
              "function": "enchant_with_levels",
              "levels": 30,
              "options": "#nova_structures:structure/end"
            }
          ],
          "name": "minecraft:iron_boots"
        },
        {
          "type": "minecraft:item",
          "functions": [
            {
              "function": "enchant_with_levels",
              "levels": 30,
              "options": "#nova_structures:structure/end"
            }
          ],
          "name": "minecraft:iron_sword"
        },
        {
          "type": "minecraft:item",
          "functions": [
            {
              "function": "enchant_with_levels",
              "levels": 30,
              "options": "#nova_structures:structure/end"
            }
          ],
          "name": "minecraft:iron_axe"
        },
        {
          "type": "minecraft:item",
          "functions": [
            {
              "function": "enchant_with_levels",
              "levels": 30,
              "options": "#nova_structures:structure/end"
            }
          ],
          "name": "minecraft:crossbow",
          "weight": 4
        }
      ],
      "rolls": 1
    },
    {
      "bonus_rolls": 0.0,
      "rolls": 2,
      "entries": [
        {
          "type": "minecraft:item",
          "name": "minecraft:enchanted_golden_apple",
          "weight": 2
        },
        {
          "type": "minecraft:item",
          "name": "minecraft:ender_eye"
        },
        {
          "type": "minecraft:loot_table",
          "value": "nova_structures:special_items/nausea_arrow"
        },
        {
          "type": "minecraft:item",
          "functions": [
            {
              "function": "set_count",
              "count": {
                "max": 2,
                "min": 1,
                "type": "uniform"
              }
            }
          ],
          "name": "minecraft:gold_block"
        },
        {
          "type": "minecraft:item",
          "functions": [
            {
              "function": "set_count",
              "count": 2
            }
          ],
          "name": "minecraft:iron_block"
        },
        {
          "type": "minecraft:item",
          "name": "minecraft:diamond_block"
        },
        {
          "type": "minecraft:item",
          "name": "minecraft:emerald_block"
        },
        {
          "type": "minecraft:item",
          "functions": [
            {
              "options": "#nova_structures:gravity",
              "function": "minecraft:enchant_randomly"
            }
          ],
          "name": "minecraft:book",
          "weight": 4
        },
		{
          "type": "minecraft:item",
          "functions": [
            {
              "options": "#nova_structures:aerials_bane",
              "function": "minecraft:enchant_randomly"
            }
          ],
          "name": "minecraft:book",
          "weight": 4
        },
        {
          "type": "minecraft:item",
          "functions": [
            {
              "function": "minecraft:enchant_randomly",
              "options": "#nova_structures:wax_wings"
            }
          ],
          "name": "minecraft:book",
          "weight": 4
        }
      ]
    },
    {
      "rolls": 1,
      "bonus_rolls": 0.0,
      "entries": [
        {
          "type": "empty",
          "weight": 5
        },
        {
          "type": "item",
          "name": "minecraft:spire_armor_trim_smithing_template"
        },
        {
          "type": "item",
          "name": "minecraft:eye_armor_trim_smithing_template",
          "weight": 2
        }
      ]
    },
    {
      "rolls": 1,
      "bonus_rolls": 0.0,
      "entries": [
        {
          "type": "item",
          "name": "minecraft:elytra",
          "functions": [
            {
              "function": "set_damage",
              "damage": {
                "min": 0.01,
                "max": 0.0
              }
            }
          ]
        }
      ]
    }
  ],
  "functions": [
    {
      "function": "minecraft:reference",
      "name": "nova_structures:loot_modifier"
    }
  ]
}