{
	"type": "minecraft:chest",
	"pools": [
		{
			"rolls": 3,
			"entries": [
				{
					"type": "minecraft:item",
					"name": "minecraft:arrow",
					"weight": 10,
					"functions": [
						{
							"function": "minecraft:set_count",
							"count": {
								"type": "minecraft:uniform",
								"min": 4,
								"max": 10
							}
						}
					]
				},
				{
					"type": "minecraft:item",
					"name": "minecraft:crossbow",
					"weight": 2,
					"functions": [
						{
							"function": "minecraft:set_damage",
							"damage": {
								"type": "minecraft:uniform",
								"min": 0.1,
								"max": 0.25
							}
						},
						{
							"function": "minecraft:enchant_randomly",
							"options": "#minecraft:on_random_loot",
							"conditions": [
								{
									"condition": "minecraft:random_chance",
									"chance": 0.2
								}
							]
						}
					]
				}
			]
		}
	]
}