{
	"type": "minecraft:chest",
	"pools": [
		{
			"rolls": 3,
			"entries": [
				{
					"type": "minecraft:item",
					"name": "minecraft:arrow",
					"weight": 10,
					"functions": [
						{
							"function": "minecraft:set_count",
							"count": {
								"type": "minecraft:uniform",
								"min": 4,
								"max": 10
							}
						}
					]
				},
				{
					"type": "minecraft:item",
					"name": "minecraft:emerald",
					"weight": 8,
					"functions": [
						{
							"function": "minecraft:set_count",
							"count": {
								"type": "minecraft:uniform",
								"min": 2,
								"max": 6
							}
						}
					]
				},
				{
					"type": "minecraft:item",
					"name": "minecraft:dark_oak_sapling",
					"weight": 8,
					"functions": [
						{
							"function": "minecraft:set_count",
							"count": {
								"type": "minecraft:uniform",
								"min": 1,
								"max": 2
							}
						}
					]
				},
				{
					"type": "minecraft:item",
					"name": "minecraft:crossbow",
					"weight": 2,
					"functions": [
						{
							"function": "minecraft:set_damage",
							"damage": {
								"type": "minecraft:uniform",
								"min": 0.1,
								"max": 0.25
							}
						},
						{
							"function": "minecraft:enchant_randomly",
							"options": "#minecraft:on_random_loot",
							"conditions": [
								{
									"condition": "minecraft:random_chance",
									"chance": 0.2
								}
							]
						}
					]
				},
				{
					"type": "minecraft:item",
					"name": "minecraft:stick",
					"weight": 8,
					"functions": [
						{
							"function": "minecraft:set_count",
							"count": {
								"type": "minecraft:uniform",
								"min": 1,
								"max": 14
							}
						}
					]
				},
				{
					"type": "minecraft:group",
					"children": [
						{
							"type": "minecraft:item",
							"name": "minecraft:ominous_bottle",
							"weight": 4,
							"functions": [
								{
									"function": "minecraft:set_components",
									"components": {
										"minecraft:ominous_bottle_amplifier": 0
									}
								}
							]
						},
						{
							"type": "minecraft:item",
							"name": "minecraft:ominous_bottle",
							"weight": 3,
							"functions": [
								{
									"function": "minecraft:set_components",
									"components": {
										"minecraft:ominous_bottle_amplifier": 1
									}
								}
							]
						},
						{
							"type": "minecraft:item",
							"name": "minecraft:ominous_bottle",
							"weight": 2,
							"functions": [
								{
									"function": "minecraft:set_components",
									"components": {
										"minecraft:ominous_bottle_amplifier": 2
									}
								}
							]
						},
						{
							"type": "minecraft:item",
							"name": "minecraft:ominous_bottle",
							"weight": 1,
							"functions": [
								{
									"function": "minecraft:set_components",
									"components": {
										"minecraft:ominous_bottle_amplifier": 3
									}
								}
							]
						}
					]
				}
			]
		}
	]
}