{
	"type": "minecraft:chest",
	"pools": [
		{
			"rolls": 3,
			"entries": [
				{
					"type": "minecraft:item",
					"name": "minecraft:arrow",
					"weight": 10,
					"functions": [
						{
							"function": "minecraft:set_count",
							"count": {
								"type": "minecraft:uniform",
								"min": 4,
								"max": 10
							}
						}
					]
				},
				{
					"type": "minecraft:item",
					"name": "minecraft:emerald",
					"weight": 8,
					"functions": [
						{
							"function": "minecraft:set_count",
							"count": {
								"type": "minecraft:uniform",
								"min": 2,
								"max": 6
							}
						}
					]
				},
				{
					"type": "minecraft:item",
					"name": "minecraft:dark_oak_sapling",
					"weight": 8,
					"functions": [
						{
							"function": "minecraft:set_count",
							"count": {
								"type": "minecraft:uniform",
								"min": 1,
								"max": 2
							}
						}
					]
				},
				{
					"type": "minecraft:item",
					"name": "minecraft:stick",
					"weight": 8,
					"functions": [
						{
							"function": "minecraft:set_count",
							"count": {
								"type": "minecraft:uniform",
								"min": 1,
								"max": 14
							}
						}
					]
				},
				{
					"type": "minecraft:item",
					"name": "minecraft:iron_nugget",
					"weight": 8,
					"functions": [
						{
							"function": "minecraft:set_count",
							"count": {
								"type": "minecraft:uniform",
								"min": 1,
								"max": 4
							}
						}
					]
				},
				{
					"type": "minecraft:item",
					"name": "minecraft:tripwire_hook",
					"quality": 4
				},
				{
					"type": "minecraft:item",
					"name": "minecraft:dark_oak_log",
					"quality": 8,
					"functions": [
						{
							"function": "minecraft:set_count",
							"count": {
								"type": "minecraft:uniform",
								"min": 2,
								"max": 16
							}
						}
					]
				}
			]
		}
	]
}