{
    "display": {
      "icon": {
        "id": "minecraft:blaze_rod",
        "components": {
          "minecraft:enchantments": {
            "minecraft:fire_aspect": 1
          }
        }
      },
      "title": {
      "translate": "advancement.kattersstructures.burning_scepter_title",
      "fallback": "Sceptre of Flame"
    },
    "description": {
      "translate": "advancement.kattersstructures.burning_scepter_description",
      "fallback": "Unleash the power of the Pharaoh by acquiring the fiery Burning Sceptre."
    },
      "frame": "goal",
      "show_toast": true,
      "announce_to_chat": true,
      "hidden": true
    },
    "parent": "kattersstructures:dungeon/pharaoh",
    "criteria": {
      "requirement": {
        "trigger": "minecraft:inventory_changed",
        "conditions": {
          "player": [
            {
              "condition": "minecraft:entity_properties",
              "entity": "this",
              "predicate": {}
            }
          ],
          "items": [
            {
              "items": "minecraft:blaze_rod",
              "components": {
                "minecraft:item_name": {"color":"gold","text":"Burning sceptre"}
              }
            }
          ]
        }
      }
    }
  }
  