{
    "display": {
      "icon": {
        "id": "minecraft:redstone_block"
      },
      "title": {
      "translate": "advancement.kattersstructures.theron_title",
      "fallback": "Theron's Downfall"
    },
    "description": {
      "translate": "advancement.kattersstructures.theron_description",
      "fallback": "Defeat the treacherous Illusioner, Magus Theron, and claim the power of his dark arts."
    },
      "frame": "challenge",
      "show_toast": true,
      "announce_to_chat": true,
      "hidden": true
    },
    "parent": "kattersstructures:dungeon/magic_tower",
    "criteria": {
      "theron": {
      "trigger": "minecraft:impossible"
    }
    }
  }
  