{
  "type": "minecraft:crafting_transmute",
  "group": "harness_dye",
  "category": "equipment",
  "input": [
    "minecraft:black_harness",
    "minecraft:blue_harness",
    "minecraft:brown_harness",
    "minecraft:cyan_harness",
    "minecraft:gray_harness",
    "minecraft:green_harness",
    "minecraft:light_blue_harness",
    "minecraft:light_gray_harness",
    "minecraft:lime_harness",
    "minecraft:magenta_harness",
    "minecraft:orange_harness",
    "minecraft:pink_harness",
    "minecraft:purple_harness",
    "minecraft:red_harness",
    "minecraft:white_harness"
  ],
  "material": "minecraft:yellow_dye",
  "result": "minecraft:yellow_harness"
}