{
    "biomes": "#kattersstructures:has_structure/ocean_village",
    "spawn_overrides": {
      "creature": {
          "bounding_box": "full",
          "spawns": []
      },
      "monster": {
          "bounding_box": "full",
          "spawns": [
            {
              "type": "minecraft:pillager",
              "weight": 20,
              "minCount": 3,
              "maxCount": 5
            },{
              "type": "minecraft:vindicator",
              "weight": 5,
              "minCount": 1,
              "maxCount": 2
            },{
              "type": "minecraft:evoker",
              "weight": 1,
              "minCount": 1,
              "maxCount": 2
            }
          ]
      }
  },
    "type": "minecraft:jigsaw",
    "start_pool": "kattersstructures:far_watch/seg_5",
    "size": 7,
    "step": "surface_structures",
    "start_height": {
        "absolute": 0
    },
    "project_start_to_heightmap": "WORLD_SURFACE_WG",
    "max_distance_from_center": 116,
    "terrain_adaptation": "none",
    "use_expansion_hack": false,
    "liquid_settings": "ignore_waterlogging"
}