{
    "biomes": "#kattersstructures:has_structure/ocean_village",
    "spawn_overrides": {},
    "type": "minecraft:jigsaw",
    "start_pool": "kattersstructures:ocean_ships/villager/start",
    "size": 7,
    "step": "surface_structures",
    "start_height": {
        "absolute": 0
    },
    "project_start_to_heightmap": "WORLD_SURFACE_WG",
    "max_distance_from_center": 60,
    "terrain_adaptation": "none",
    "use_expansion_hack": false,
    "liquid_settings": "ignore_waterlogging"
}