{
    "biomes": "#kattersstructures:has_structure/sky_village",
    "spawn_overrides": {},
    "type": "minecraft:jigsaw",
    "start_pool": "kattersstructures:village_sky/town_centers",
    "size": 7,
    "step": "surface_structures",
    "start_height": {
      "type": "minecraft:uniform",
      "min_inclusive": {
        "absolute": 180
      },
        "max_inclusive": {
        "absolute": 256
      }
    },
    "max_distance_from_center": 116,
    "terrain_adaptation": "none",
    "use_expansion_hack": false,
    "liquid_settings": "ignore_waterlogging"
}