{
	"pools": [
		{
			"rolls": 5,
			"bonus_rolls": 2,
			"entries": [
				{
					"type": "minecraft:item",
					"weight": 10,
					"name": "minecraft:cod",
					"functions": [
						{
							"function": "minecraft:set_count",
							"count": {
								"min": 1,
								"max": 5
							}
						}
					]
				},
				{
					"type": "minecraft:item",
					"weight": 9,
					"name": "minecraft:salmon",
					"functions": [
						{
							"function": "minecraft:set_count",
							"count": {
								"min": 1,
								"max": 5
							}
						}
					]
				},
				{
					"type": "minecraft:item",
					"weight": 2,
					"name": "minecraft:tripwire_hook",
					"functions": [
						{
							"function": "minecraft:set_count",
							"count": {
								"min": 1,
								"max": 2
							}
						}
					]
				},
				{
					"type": "minecraft:item",
					"weight": 10,
					"name": "minecraft:string",
					"functions": [
						{
							"function": "minecraft:set_count",
							"count": {
								"min": 1,
								"max": 3
							}
						}
					]
				},
				{
					"type": "minecraft:item",
					"weight": 1,
					"name": "minecraft:fishing_rod",
					"functions": [
						{
							"function": "minecraft:set_count",
							"count": 1
						},
						{
							"function": "minecraft:set_damage",
							"damage": {
								"min": 0.5,
								"max": 0.75
							}
						},
						{
							"function": "minecraft:set_enchantments",
							"enchantments": {
								"minecraft:luck_of_the_sea": 1
							},
							"conditions": [
								{
									"condition": "minecraft:random_chance",
									"chance": 0.5
								}
							]
						},
						{
							"function": "minecraft:set_enchantments",
							"enchantments": {
								"minecraft:lure": 1
							},
							"conditions": [
								{
									"condition": "minecraft:random_chance",
									"chance": 0.5
								}
							]
						},
						{
							"function": "minecraft:set_enchantments",
							"enchantments": {
								"minecraft:unbreaking": {
									"min": 1,
									"max": 2
								}
							},
							"conditions": [
								{
									"condition": "minecraft:random_chance",
									"chance": 0.5
								}
							]
						},
						{
							"function": "minecraft:set_enchantments",
							"enchantments": {
								"minecraft:mending": 1
							},
							"conditions": [
								{
									"condition": "minecraft:random_chance",
									"chance": 0.1
								}
							]
						}
					]
				},
				{
					"type": "minecraft:item",
					"weight": 2,
					"name": "minecraft:cobweb",
					"functions": [
						{
							"function": "minecraft:set_count",
							"count": {
								"min": 1,
								"max": 2
							}
						}
					]
				}
			]
		},
		{
			"rolls": 1,
			"bonus_rolls": 0,
			"entries": [
				{
					"type": "minecraft:loot_table",
					"value": "kattersstructures:items/map_village"
				}					
			],
			"conditions": [
				{
					"condition": "minecraft:random_chance",
					"chance": 0.1
				}
			]
		}
	]
}